[
  {
    "id": "1",
    "quality": 1,
    "name": "猛虎",
    "pic": "hero1",
    "baseDps": 30,
    "needMoney": 100,
    "lvUpAddDps": 15,
    "lvUpNeedMoney": 30,
    "boneAnimation": "Ball_diaochan"
  },
  {
    "id": "2",
    "quality": 2,
    "name": "忍者神龟",
    "pic": "hero2",
    "baseDps": 50,
    "needMoney": 200,
    "lvUpAddDps": 25,
    "lvUpNeedMoney": 50,
    "boneAnimation": "Ball_dwsjbb"
  },
  {
    "id": "3",
    "quality": 3,
    "name": "绿龙",
    "pic": "hero3",
    "baseDps": 100,
    "needMoney": 400,
    "lvUpAddDps": 50,
    "lvUpNeedMoney": 100,
    "boneAnimation": "Ball_guojia"
  },
  {
    "id": "4",
    "quality": 4,
    "name": "财神",
    "pic": "hero4",
    "baseDps": 200,
    "needMoney": 800,
    "lvUpAddDps": 100,
    "lvUpNeedMoney": 200,
    "boneAnimation": "Ball_hjds"
  },
  {
    "id": "5",
    "quality": 5,
    "name": "张星彩",
    "pic": "hero5",
    "baseDps": 400,
    "needMoney": 1600,
    "lvUpAddDps": 200,
    "lvUpNeedMoney": 400,
    "boneAnimation": "Ball_zhbb"
  },
  {
    "id": "6",
    "quality": 6,
    "name": "张辽",
    "pic": "hero6",
    "baseDps": 800,
    "needMoney": 3200,
    "lvUpAddDps": 400,
    "lvUpNeedMoney": 800,
    "boneAnimation": "Ball_sunshangxiang"
  },
  {
    "id": "7",
    "quality": 7,
    "name": "关羽",
    "pic": "hero7",
    "baseDps": 1600,
    "needMoney": 6400,
    "lvUpAddDps": 800,
    "lvUpNeedMoney": 1600,
    "boneAnimation": "Ball_wangyuanji"
  },
  {
    "id": "8",
    "quality": 8,
    "name": "吕布",
    "pic": "hero8",
    "baseDps": 3200,
    "needMoney": 12800,
    "lvUpAddDps": 1600,
    "lvUpNeedMoney": 3200,
    "boneAnimation": "Ball_xiahoudun"
  },
  {
    "id": "9",
    "quality": 9,
    "name": "赵云",
    "pic": "hero9",
    "baseDps": 6400,
    "needMoney": 25600,
    "lvUpAddDps": 3200,
    "lvUpNeedMoney": 6400,
    "boneAnimation": "Ball_zhaoyun"
  },
  {
    "id": "10",
    "quality": 10,
    "name": "诸葛亮",
    "pic": "hero10",
    "baseDps": 12800,
    "needMoney": 51200,
    "lvUpAddDps": 6400,
    "lvUpNeedMoney": 12800,
    "boneAnimation": "Ball_zhugeguo"
  },
  {
    "id": "11",
    "quality": 11,
    "name": "猛虎",
    "pic": "hero1",
    "baseDps": 25600,
    "needMoney": 102400,
    "lvUpAddDps": 12800,
    "lvUpNeedMoney": 25600,
    "boneAnimation": "Ball_diaochan"
  },
  {
    "id": "12",
    "quality": 12,
    "name": "忍者神龟",
    "pic": "hero2",
    "baseDps": 51200,
    "needMoney": 204800,
    "lvUpAddDps": 25600,
    "lvUpNeedMoney": 51200,
    "boneAnimation": "Ball_dwsjbb"
  },
  {
    "id": "13",
    "quality": 13,
    "name": "绿龙",
    "pic": "hero3",
    "baseDps": 102400,
    "needMoney": 409600,
    "lvUpAddDps": 51200,
    "lvUpNeedMoney": 102400,
    "boneAnimation": "Ball_guojia"
  },
  {
    "id": "14",
    "quality": 14,
    "name": "财神",
    "pic": "hero4",
    "baseDps": 204800,
    "needMoney": 819200,
    "lvUpAddDps": 102400,
    "lvUpNeedMoney": 204800,
    "boneAnimation": "Ball_hjds"
  },
  {
    "id": "15",
    "quality": 15,
    "name": "张星彩",
    "pic": "hero5",
    "baseDps": 409600,
    "needMoney": 1638400,
    "lvUpAddDps": 204800,
    "lvUpNeedMoney": 409600,
    "boneAnimation": "Ball_zhbb"
  },
  {
    "id": "16",
    "quality": 16,
    "name": "张辽",
    "pic": "hero6",
    "baseDps": 819200,
    "needMoney": 3276800,
    "lvUpAddDps": 409600,
    "lvUpNeedMoney": 819200,
    "boneAnimation": "Ball_sunshangxiang"
  },
  {
    "id": "17",
    "quality": 17,
    "name": "关羽",
    "pic": "hero7",
    "baseDps": 1638400,
    "needMoney": 6553600,
    "lvUpAddDps": 819200,
    "lvUpNeedMoney": 1638400,
    "boneAnimation": "Ball_wangyuanji"
  },
  {
    "id": "18",
    "quality": 18,
    "name": "吕布",
    "pic": "hero8",
    "baseDps": 3276800,
    "needMoney": 13107200,
    "lvUpAddDps": 1638400,
    "lvUpNeedMoney": 3276800,
    "boneAnimation": "Ball_xiahoudun"
  },
  {
    "id": "19",
    "quality": 19,
    "name": "赵云",
    "pic": "hero9",
    "baseDps": 6553600,
    "needMoney": 26214400,
    "lvUpAddDps": 3276800,
    "lvUpNeedMoney": 6553600,
    "boneAnimation": "Ball_zhaoyun"
  },
  {
    "id": "20",
    "quality": 20,
    "name": "诸葛亮",
    "pic": "hero10",
    "baseDps": 13107200,
    "needMoney": 52428800,
    "lvUpAddDps": 6553600,
    "lvUpNeedMoney": 13107200,
    "boneAnimation": "Ball_zhugeguo"
  },
  {
    "id": "21",
    "quality": 21,
    "name": "猛虎",
    "pic": "hero1",
    "baseDps": 26214400,
    "needMoney": 104857600,
    "lvUpAddDps": 13107200,
    "lvUpNeedMoney": 26214400,
    "boneAnimation": "Ball_diaochan"
  },
  {
    "id": "22",
    "quality": 22,
    "name": "忍者神龟",
    "pic": "hero2",
    "baseDps": 52428800,
    "needMoney": 209715200,
    "lvUpAddDps": 26214400,
    "lvUpNeedMoney": 52428800,
    "boneAnimation": "Ball_dwsjbb"
  },
  {
    "id": "23",
    "quality": 23,
    "name": "绿龙",
    "pic": "hero3",
    "baseDps": 104857600,
    "needMoney": 419430400,
    "lvUpAddDps": 52428800,
    "lvUpNeedMoney": 104857600,
    "boneAnimation": "Ball_guojia"
  },
  {
    "id": "24",
    "quality": 24,
    "name": "财神",
    "pic": "hero4",
    "baseDps": 209715200,
    "needMoney": 838860800,
    "lvUpAddDps": 104857600,
    "lvUpNeedMoney": 209715200,
    "boneAnimation": "Ball_hjds"
  },
  {
    "id": "25",
    "quality": 25,
    "name": "张星彩",
    "pic": "hero5",
    "baseDps": 419430400,
    "needMoney": 1677721600,
    "lvUpAddDps": 209715200,
    "lvUpNeedMoney": 419430400,
    "boneAnimation": "Ball_zhbb"
  },
  {
    "id": "26",
    "quality": 26,
    "name": "张辽",
    "pic": "hero6",
    "baseDps": 838860800,
    "needMoney": 3355443200.0,
    "lvUpAddDps": 419430400,
    "lvUpNeedMoney": 838860800,
    "boneAnimation": "Ball_sunshangxiang"
  },
  {
    "id": "27",
    "quality": 27,
    "name": "关羽",
    "pic": "hero7",
    "baseDps": 1677721600,
    "needMoney": 6710886400.0,
    "lvUpAddDps": 838860800,
    "lvUpNeedMoney": 1677721600,
    "boneAnimation": "Ball_wangyuanji"
  },
  {
    "id": "28",
    "quality": 28,
    "name": "吕布",
    "pic": "hero8",
    "baseDps": 3355443200.0,
    "needMoney": 13421772800.0,
    "lvUpAddDps": 1677721600,
    "lvUpNeedMoney": 3355443200.0,
    "boneAnimation": "Ball_xiahoudun"
  },
  {
    "id": "29",
    "quality": 29,
    "name": "赵云",
    "pic": "hero9",
    "baseDps": 6710886400.0,
    "needMoney": 26843545600.0,
    "lvUpAddDps": 3355443200.0,
    "lvUpNeedMoney": 6710886400.0,
    "boneAnimation": "Ball_zhaoyun"
  },
  {
    "id": "30",
    "quality": 30,
    "name": "诸葛亮",
    "pic": "hero10",
    "baseDps": 13421772800.0,
    "needMoney": 53687091200.0,
    "lvUpAddDps": 6710886400.0,
    "lvUpNeedMoney": 13421772800.0,
    "boneAnimation": "Ball_zhugeguo"
  },
  {
    "id": "31",
    "quality": 31,
    "name": "猛虎",
    "pic": "hero1",
    "baseDps": 26843545600.0,
    "needMoney": 107374182400.0,
    "lvUpAddDps": 13421772800.0,
    "lvUpNeedMoney": 26843545600.0,
    "boneAnimation": "Ball_diaochan"
  },
  {
    "id": "32",
    "quality": 32,
    "name": "忍者神龟",
    "pic": "hero2",
    "baseDps": 53687091200.0,
    "needMoney": 214748364800.0,
    "lvUpAddDps": 26843545600.0,
    "lvUpNeedMoney": 53687091200.0,
    "boneAnimation": "Ball_dwsjbb"
  },
  {
    "id": "33",
    "quality": 33,
    "name": "绿龙",
    "pic": "hero3",
    "baseDps": 107374182400.0,
    "needMoney": 429496729600.0,
    "lvUpAddDps": 53687091200.0,
    "lvUpNeedMoney": 107374182400.0,
    "boneAnimation": "Ball_guojia"
  },
  {
    "id": "34",
    "quality": 34,
    "name": "财神",
    "pic": "hero4",
    "baseDps": 214748364800.0,
    "needMoney": 858993459200.0,
    "lvUpAddDps": 107374182400.0,
    "lvUpNeedMoney": 214748364800.0,
    "boneAnimation": "Ball_hjds"
  },
  {
    "id": "35",
    "quality": 35,
    "name": "张星彩",
    "pic": "hero5",
    "baseDps": 429496729600.0,
    "needMoney": 1717986918400.0,
    "lvUpAddDps": 214748364800.0,
    "lvUpNeedMoney": 429496729600.0,
    "boneAnimation": "Ball_zhbb"
  },
  {
    "id": "36",
    "quality": 36,
    "name": "张辽",
    "pic": "hero6",
    "baseDps": 858993459200.0,
    "needMoney": 3435973836800.0,
    "lvUpAddDps": 429496729600.0,
    "lvUpNeedMoney": 858993459200.0,
    "boneAnimation": "Ball_sunshangxiang"
  },
  {
    "id": "37",
    "quality": 37,
    "name": "关羽",
    "pic": "hero7",
    "baseDps": 1717986918400.0,
    "needMoney": 6871947673600.0,
    "lvUpAddDps": 858993459200.0,
    "lvUpNeedMoney": 1717986918400.0,
    "boneAnimation": "Ball_wangyuanji"
  },
  {
    "id": "38",
    "quality": 38,
    "name": "吕布",
    "pic": "hero8",
    "baseDps": 3435973836800.0,
    "needMoney": 13743895347200.0,
    "lvUpAddDps": 1717986918400.0,
    "lvUpNeedMoney": 3435973836800.0,
    "boneAnimation": "Ball_xiahoudun"
  },
  {
    "id": "39",
    "quality": 39,
    "name": "赵云",
    "pic": "hero9",
    "baseDps": 6871947673600.0,
    "needMoney": 27487790694400.0,
    "lvUpAddDps": 3435973836800.0,
    "lvUpNeedMoney": 6871947673600.0,
    "boneAnimation": "Ball_zhaoyun"
  },
  {
    "id": "40",
    "quality": 40,
    "name": "诸葛亮",
    "pic": "hero10",
    "baseDps": 13743895347200.0,
    "needMoney": 54975581388800.0,
    "lvUpAddDps": 6871947673600.0,
    "lvUpNeedMoney": 13743895347200.0,
    "boneAnimation": "Ball_zhugeguo"
  }
]